first_name,last_name,gender,address
Trixi,Greendale,Female,39371 Knutson Pass
Lacie,Conws,Female,452 Sunfield Center
Evin,Broadbent,Male,33 Pankratz Point
Stevy,Thornebarrow,Male,654 Reindahl Court
Rurik,McWhirter,Male,31333 Hansons Court
Leola,Bluett,Female,359 Bayside Crossing
Marthena,Simmig,Female,924 Beilfuss Point
Prentiss,Hucknall,Male,1681 Fairview Street
Tito,Edgett,Male,248 Sunbrook Plaza
Augustin,Chadbourn,Male,71296 Lindbergh Place
Karilynn,Niccols,Female,39262 Aberg Park
Parrnell,Plevey,Male,998 Havey Pass
Quint,Kellaway,Male,466 Meadow Valley Hill
Taber,Ong,Male,5480 Springview Circle
Quentin,Wyldish,Female,0 Mayer Road
Devlin,Gritskov,Male,34 Butterfield Plaza
Germana,Toten,Female,06 Hoepker Alley
Allegra,Crix,Female,84663 Novick Junction
Wallis,Gomersall,Male,602 Mitchell Alley
Dorice,Marrison,Female,41878 Westend Parkway
